workload	output_rows	ref_phase_sec	map_phase_sec	post_phase_sec	collect_minimizers_sec	build_lookup_index_sec	ipc	cache_miss_rate	branch_miss_rate	llc_load_miss_rate	llc_store_miss_rate	l2_all_demand_miss_rate	l2_demand_data_read_miss_rate
old_half_nosketch	305	185.2440	34.0798	0.0335427			0.643348	0.912916	0.070752	0.922782	0.873252	0.589591	0.598710
new_half_nosketch	305	119.661	21.8493	0.0209722	68.2236	51.4372	0.694842320402595	0.813171383150654	0.05496363855896031	0.8033131538855467	0.7637160903072231	0.6048029197800289	1.6138175878153749
new_half_sketch_query	305	28.9826	23.1335	0.0228707			0.9820209911598369	0.9097064821222585	0.053680046666171856	0.9677472948852391	0.2676071105654774	0.21749254696906925	0.2840514701727365
new_half_sketch_build_perf					62.0705	56.9946	0.7646509754568028	0.8506882526801607	0.046787973179329166	0.8730356213037314	0.7604067355319379	0.7206530990799641	2.9967172440567102
