scenario	variant	label	n	output_rows	wall_mean	wall_sd	db_mean	db_sd	query_mean	query_sd	post_mean	post_sd	other_mean	other_sd	rss_mean_gb	rss_sd_gb	cpu_mean	cpu_sd	fs_in_mean	fs_out_mean	total_cpu_mean	total_cpu_sd
half_nosketch_t1	old_release	Old release no sketch	3	305	221.606666666667	20.067290134279	109.901333333333	9.77732321923201	31.5941666666667	0.0318636679202717	0.0305438	0.000856846608209428	80.0806228666667	10.3872882831796	4.05662409464518	0.000334528143426753	71.6666666666667	5.77350269189626	0	1226.66666666667	158.59	2.72141507308239
half_nosketch_t1	new_release	Current release no sketch	3	305	188.256666666667	14.4161448845846	111.888333333333	6.55219843513102	19.8914666666667	1.40062993446996	0.0212653333333333	0.00160542340313493	56.4556013333333	7.23812407041662	4.06233596801758	0.00136874293504866	74.3333333333333	4.16333199893227	0	1133.33333333333	140.376666666667	3.64005952332284
half_sketch_t8	standard	Sketch query full sketch	3	305	16.7033333333333	0.89522809011633	7.15338333333333	0.865238385032317	4.04428666666667	0.328331510874807	0.00290090666666667	0.000396156244092319	5.50276242666667	0.92071638666376	5.00746790568034	0.000283171155922899	446.666666666667	22.1885856541902	1191597.33333333	269.333333333333	74.64	1.0034440691937
half_sketch_t8	batch_5	Sketch query batch=5	3	305	23.3566666666667	0.575528742404177	5.14374333333333	0.397455658952459	2.94846	0.050358734098466	0.00254691666666667	0.000483285543062622	15.2619164166667	0.248991539364525	3.03885396321615	0.000367665052996214	290.666666666667	1.15470053837925	0	296	68.08	1.5651198037211
half_sketch_t8	batch_1	Sketch query batch=1	3	305	57.12	1.37546355822319	3.21306666666667	0.448693616439251	2.72347666666667	0.357941739579688	0.00278168333333333	0.00115066225028604	51.1806749833333	0.797990090266485	0.664164225260417	0.000120651422978663	97.6666666666667	0.577350269189626	0	432	56.1566666666667	1.17576925173834
