scenario	variant	label	n	output_rows	wall_mean	wall_sd	db_mean	db_sd	query_mean	query_sd	post_mean	post_sd	other_mean	other_sd	rss_mean_gb	rss_sd_gb	cpu_mean	cpu_sd	fs_in_mean	fs_out_mean
half_nosketch_t1	old_release	Old release no sketch	3	305	135.36	1.97372743812311	70.7169333333333	0.588985673283598	34.8340666666667	0.113381494668808	0.0305609666666667	0.000106201898915855	29.7784390333333	1.50826548045721	4.05658340454102	0.00103751350510379	90	1	0	2056
half_nosketch_t1	new_release	Current release no sketch	3	305	114.65	2.40829815429901	65.8532666666667	1.30469485449025	21.7694	0.377462488202469	0.0235865666666667	7.68125206807668e-05	27.0037467666667	0.756326089527641	4.06955846150716	0.00207873117986088	93	0	0	2504
half_sketch_t8	standard	Sketch query all shards	3	305	8.87333333333333	0.037859388972002	2.93862333333333	0.0137136659334159	2.98921666666667	0.00939354210792343	0.00306613666666667	1.56987526043737e-05	2.94242719666667	0.0334723532254733	5.02983220418294	0.00197329512210824	604	3.46410161513775	0	256
half_sketch_t8	batch_5	Sketch query batch=5	3	305	15.4233333333333	0.191398362932741	2.82971333333333	0.0014514245875462	2.7529	0.00937503599993079	0.00276387333333333	1.49476765195577e-05	9.83795612666667	0.183614510026939	2.99519983927409	8.71834295472308e-05	347	5	0	288
half_sketch_t8	batch_1	Sketch query batch=1	3	305	47.6166666666667	0.132790561913616	2.475	0.074687383137984	2.57435666666667	0.0175186024937304	0.00272706666666667	1.57618410515185e-05	42.5645829333333	0.0406119470862423	0.693351745605469	5.69655781672214e-05	99	0	0	461.333333333333
